country_code,hosts_30d
KR,7205254
US,3931311
CN,2523274
DE,537367
SG,288571
JP,274064
IN,248961
IE,198812
GB,173909
FR,169103
CA,168221
AU,156292
HK,147761
NL,126974
BR,76107
FI,73084
MY,54257
ID,39125
SE,37513
RU,34141
AE,28839
TH,27042
ZA,23820
IT,23311
MX,22552
TW,21789
ES,17501
BE,15182
PH,11480
PL,11255
NZ,10053
CH,9343
AR,8322
TR,7769
CL,7717
PE,7511
BD,6032
IL,5800
AZ,4594
SA,4542
CO,4271
NO,3941
DK,2750
QA,2517
AT,1939
VN,1879
CZ,1664
DO,1511
VE,1486
LV,1016
KZ,984
UA,927
EE,855
BG,817
LU,803
PR,771
RO,754
MN,731
PT,661
SC,652
