service,hosts_30d
http,25156681
ssh,3529772
ftp,992707
https,654263
rdp,552035
http-proxy,338537
socks4,331432
mongodb,176371
ssl/http,155774
mysql,131180
smtp,128618
telnet,81906
grpc,77589
nas,61199
redis,55262
grafana,55012
vnc,44957
imap,37893
voip,26023
camera,24453
printer,22832
ncacn_http,22284
zmtp,22202
rsync,21980
router,18588
jdwp,16537
rtsp,16123
pop3,14718
ms-sql-s,14297
plesk,12811
X11,12748
irc-proxy,12717
eggdrop,12557
gitea,10992
stockfish,9629
java-message-service,9574
sassafras,9538
nntp,9495
domain,9494
dgld,9480
crestron-ctp,9420
firewall,9408
socks5,9276
sdcomm,8678
mud,8658
websocket,8033
jd-gui,6993
bandwidth-test,6844
ssl,6760
rabbitmq,6684
svnserve,6470
quagga,6460
unitrends-backup,6437
rconj,6436
zookeeper,6433
kguard,6418
H.323/Q.931,6417
msdtc,6411
ormi,6376
ident,6372
directupdate,6362
ipmi,6354
lns,6353
avk,6324
influxdb,6106
gitlab,5485
n8n,5213
proxmox,4814
exchange,3969
mqtt,3967
upnp,3482
gnatbox,3311
drda,3292
ldap,3266
icap,3244
mysqlx,3244
dbsnmp,3244
roku,3216
nextcloud,3211
shell,3191
athinfod,3179
crossmatchverifier,3172
elm-manager,3165
textui,3158
networkaudio,3157
intermapper,3155
ntp,3149
antivir,3131
openlookup,3118
webmin,2951
portainer,2514
dominoconsole,2342
home-automation,2124
prometheus,2042
smb,1726
roundcube,1554
ftp-proxy,1483
unknown,1449
nagios-nsca,1228
docker,1222
amqp,1179
sonarqube,1150
gogs,1054
zabbix,975
minecraft-panel,894
nexus,791
kubernetes,714
rifa-dvr,636
cpanel,517
jellyfin,467
libp2p-multistream,447
plex,438
owncloud,433
game-panel,430
vmware,400
vtun,380
openvpn,323
smux,282
veeam,281
spark,261
remoting,251
ums-webviewer,237
tandem-print,198
couchdb,169
flexlm,163
pwdgen,153
elasticsearch,148
clickhouse,145
nim,131
teamcity,128
reverse-ssl,123
ice,117
ipcam,98
cassandra,92
nginx-proxy-manager,87
ntop-http,82
jenkins,79
tor-info,77
ipp,73
pptp,71
adobe-crossdomain,67
jabber,66
progress,64
irc,62
daytime,59
nagios,54
sip,45
chargen,43
arcserve,42
oracle-tns,40
