port,hosts_30d
443,11165521
80,7151882
8443,3361640
22,3092107
3000,1309865
21,988404
8080,808143
3389,588587
8000,133972
5000,112978
3306,108268
9000,86861
7000,83680
3001,82748
8081,62080
2375,61417
8008,59014
8888,56987
9090,54060
1717,51559
6379,49670
9001,48685
9200,39271
7001,37623
8001,37114
8086,34695
23,34217
3003,31959
3002,31829
7070,30688
8088,30466
6466,30393
8090,30297
8800,29812
2022,29396
7004,29176
6467,28252
8084,28077
9009,27850
8007,27826
8180,27393
8083,27211
4000,26532
8804,26517
8082,26468
18081,25801
9002,25736
10000,25441
2020,24957
5001,24745
7007,24398
8089,24388
25,24071
8002,24021
8085,23535
1433,23369
7547,23209
3005,23015
8003,22448
8006,22271
5009,22234
8188,21833
9003,21819
7080,21812
8087,21761
8010,21192
8009,20605
7010,20497
7005,20368
4200,20363
7002,20315
3030,20278
7003,19943
7006,19931
7009,19759
5173,19696
7071,19650
6006,19523
8005,19444
5005,19246
5002,19240
9006,19121
8004,19106
9005,18924
9010,18889
5003,18801
9004,18710
4001,18662
5006,18403
3010,18311
5004,18274
2023,18204
5174,18175
9008,18172
9007,18169
3004,18150
3008,17795
5008,17794
5010,17756
1234,17712
